model,model_id,root_cause_accuracy,evidence_coverage,format_compliance,action_coverage,sensor_hallucination_rate,rouge_l_f1,avg_latency_seconds,tokens_per_second,peak_vram_gb,test_samples
Qwen2.5-1.5B（未微调）,Qwen/Qwen2.5-1.5B-Instruct,0.75,1.0,0.5833333333333333,0.0,0.16666666666666666,0.3072301275706468,34.49141892499756,5.566601954460288,1.1510047912597656,4
Qwen2.5-1.5B + LoRA（本项目）,Qwen/Qwen2.5-1.5B-Instruct,0.5,0.9166666666666666,1.0,0.9166666666666666,0.125,0.4272806131739962,48.52904420001141,3.9563936023276316,1.6327500343322754,4
Qwen2.5-0.5B（弱基线）,Qwen/Qwen2.5-0.5B-Instruct,0.0,0.0,1.0,0.8333333333333333,0.0,0.17090786842178768,29.53326077501697,6.501144640364883,0.4967050552368164,4
