model,model_id,root_cause_accuracy,evidence_coverage,format_compliance,action_coverage,sensor_hallucination_rate,rouge_l_f1,avg_latency_seconds,tokens_per_second,peak_vram_gb,test_samples
Qwen2.5-1.5B（未微调）,Qwen/Qwen2.5-1.5B-Instruct,0.5,0.375,0.41666666666666663,0.0,0.3333333333333333,0.2581776327044093,14.052195000011125,9.10889722209937,2.9534082412719727,4
Qwen2.5-1.5B + LoRA（本项目）,Qwen/Qwen2.5-1.5B-Instruct,0.75,0.75,0.9166666666666666,0.5,0.0,0.3982875495852006,22.262062249996234,5.7496919450946935,2.9704370498657227,4
Qwen2.5-0.5B（弱基线）,Qwen/Qwen2.5-0.5B-Instruct,0.0,0.0,0.75,0.16666666666666666,0.0,0.17175950585041494,12.353585574994213,10.361364255175767,0.9974298477172852,4
